PLAYER,SEASON,overall
Aaron Gordon,2019-20,80
Aaron Holiday,2019-20,76
Abdel Nader,2019-20,71
Adam Mokoka,2019-20,68
Admiral Schofield,2019-20,71
Al Horford,2019-20,80
Al-Farouq Aminu,2019-20,75
Alec Burks,2019-20,77
Alen Smailagic,2019-20,71
Alex Caruso,2019-20,74
Alex Len,2019-20,76
Alfonzo McKinnie,2019-20,70
Alize Johnson,2019-20,70
Allen Crabbe,2019-20,72
Allonzo Trier,2019-20,75
Amile Jefferson,2019-20,69
Amir Coffey,2019-20,68
Andre Drummond,2019-20,85
Andre Iguodala,2019-20,76
Andre Roberson,2019-20,72
Andrew Wiggins,2019-20,82
Anfernee Simons,2019-20,72
Ante Zizic,2019-20,73
Anthony Davis,2019-20,95
Anthony Tolliver,2019-20,71
Antonius Cleveland,2019-20,67
Anzejs Pasecniks,2019-20,72
Aron Baynes,2019-20,78
Austin Rivers,2019-20,75
Avery Bradley,2019-20,74
BJ Johnson,2019-20,68
Bam Adebayo,2019-20,86
Ben McLemore,2019-20,74
Ben Simmons,2019-20,87
Bismack Biyombo,2019-20,76
Blake Griffin,2019-20,83
Boban Marjanovic,2019-20,75
Bobby Portis,2019-20,77
Bogdan Bogdanovic,2019-20,79
Bojan Bogdanovic,2019-20,81
Brad Wanamaker,2019-20,73
Bradley Beal,2019-20,88
Brandon Clarke,2019-20,80
Brandon Goodwin,2019-20,71
Brandon Ingram,2019-20,86
Brandon Knight,2019-20,70
Brian Bowen II,2019-20,68
Brook Lopez,2019-20,82
Bruce Brown,2019-20,74
Bruno Caboclo,2019-20,72
Bruno Fernando,2019-20,73
Bryn Forbes,2019-20,74
Buddy Hield,2019-20,81
CJ McCollum,2019-20,84
CJ Miles,2019-20,73
Caleb Martin,2019-20,69
Caleb Swanigan,2019-20,69
Cam Reddish,2019-20,73
Cameron Johnson,2019-20,76
Cameron Payne,2019-20,74
Caris LeVert,2019-20,83
Carmelo Anthony,2019-20,78
Carsen Edwards,2019-20,70
Cedi Osman,2019-20,75
Chandler Hutchison,2019-20,75
Chandler Parsons,2019-20,74
Chasson Randle,2019-20,71
Cheick Diallo,2019-20,73
Chimezie Metu,2019-20,73
Chris Boucher,2019-20,77
Chris Chiozza,2019-20,72
Chris Clemons,2019-20,73
Chris Paul,2019-20,88
Christian Wood,2019-20,80
Clint Capela,2019-20,82
Coby White,2019-20,77
Cody Martin,2019-20,72
Cody Zeller,2019-20,78
Collin Sexton,2019-20,80
Corey Brewer,2019-20,73
Cory Joseph,2019-20,73
Courtney Lee,2019-20,71
Cristiano Felicio,2019-20,72
D'Angelo Russell,2019-20,84
DaQuan Jeffries,2019-20,70
Damian Jones,2019-20,74
Damian Lillard,2019-20,94
Damion Lee,2019-20,74
Damyean Dotson,2019-20,72
Daniel Gafford,2019-20,75
Daniel Theis,2019-20,79
Danilo Gallinari,2019-20,83
Danny Green,2019-20,76
Dante Exum,2019-20,73
Danuel House Jr.,2019-20,76
Dario Saric,2019-20,76
Darius Bazley,2019-20,73
Darius Garland,2019-20,74
Daryl Macon,2019-20,68
David Nwaba,2019-20,73
Davis Bertans,2019-20,79
De'Aaron Fox,2019-20,85
De'Andre Hunter,2019-20,75
De'Anthony Melton,2019-20,75
DeAndre Jordan,2019-20,80
DeAndre' Bembry,2019-20,73
DeMar DeRozan,2019-20,86
DeMarre Carroll,2019-20,73
Dean Wade,2019-20,70
Deandre Ayton,2019-20,84
Dejounte Murray,2019-20,80
Delon Wright,2019-20,75
Dennis Schroder,2019-20,80
Dennis Smith Jr.,2019-20,72
Denzel Valentine,2019-20,76
Deonte Burton,2019-20,70
Derrick Favors,2019-20,77
Derrick Jones Jr.,2019-20,75
Derrick Rose,2019-20,81
Derrick Walton Jr.,2019-20,69
Derrick White,2019-20,79
Devin Booker,2019-20,87
Devon Hall,2019-20,67
Devontae Cacok,2019-20,69
Devonte' Graham,2019-20,79
Dewan Hernandez,2019-20,68
Dewayne Dedmon,2019-20,72
Dillon Brooks,2019-20,77
Dion Waiters,2019-20,73
Domantas Sabonis,2019-20,85
Donovan Mitchell,2019-20,88
Donta Hall,2019-20,70
Donte DiVincenzo,2019-20,77
Dorian Finney-Smith,2019-20,76
Doug McDermott,2019-20,76
Dragan Bender,2019-20,69
Draymond Green,2019-20,79
Drew Eubanks,2019-20,68
Duncan Robinson,2019-20,78
Dusty Hannahs,2019-20,68
Dwayne Bacon,2019-20,70
Dwight Howard,2019-20,78
Dwight Powell,2019-20,76
Dzanan Musa,2019-20,71
E'Twaun Moore,2019-20,73
Ed Davis,2019-20,72
Edmond Sumner,2019-20,71
Elfrid Payton,2019-20,77
Elie Okobo,2019-20,71
Emmanuel Mudiay,2019-20,74
Enes Kanter,2019-20,76
Eric Bledsoe,2019-20,83
Eric Gordon,2019-20,78
Eric Mika,2019-20,68
Eric Paschall,2019-20,79
Ersan Ilyasova,2019-20,76
Evan Fournier,2019-20,80
Evan Turner,2019-20,73
Frank Jackson,2019-20,71
Frank Kaminsky,2019-20,75
Frank Mason,2019-20,69
Frank Ntilikina,2019-20,73
Fred VanVleet,2019-20,85
Furkan Korkmaz,2019-20,75
Gabe Vincent,2019-20,67
Garrett Temple,2019-20,74
Garrison Mathews,2019-20,71
Gary Clark,2019-20,72
Gary Harris,2019-20,76
Gary Payton II,2019-20,72
Gary Trent Jr.,2019-20,77
George Hill,2019-20,77
Georges Niang,2019-20,73
Giannis Antetokounmpo,2019-20,97
Glenn Robinson III,2019-20,75
Goga Bitadze,2019-20,73
Goran Dragic,2019-20,79
Gordon Hayward,2019-20,83
Gorgui Dieng,2019-20,74
Grant Williams,2019-20,71
Grayson Allen,2019-20,72
Hamidou Diallo,2019-20,70
Harrison Barnes,2019-20,78
Harry Giles III,2019-20,75
Hassan Whiteside,2019-20,83
Henry Ellenson,2019-20,69
Ian Mahinmi,2019-20,74
Ignas Brazdeikis,2019-20,70
Iman Shumpert,2019-20,72
Isaac Bonga,2019-20,72
Isaiah Hartenstein,2019-20,73
Isaiah Roby,2019-20,70
Isaiah Thomas,2019-20,77
Ivica Zubac,2019-20,78
JJ Redick,2019-20,78
J.R. Smith,2019-20,74
Ja Morant,2019-20,85
JaKarr Sampson,2019-20,73
JaMychal Green,2019-20,72
JaVale McGee,2019-20,78
Jabari Parker,2019-20,77
Jacob Evans,2019-20,71
Jae Crowder,2019-20,77
Jahlil Okafor,2019-20,76
Jake Layman,2019-20,73
Jakob Poeltl,2019-20,76
Jalen Brunson,2019-20,77
Jalen Lecque,2019-20,68
Jalen McDaniels,2019-20,70
Jamal Crawford,2019-20,75
Jamal Murray,2019-20,85
James Ennis III,2019-20,75
James Harden,2019-20,96
James Johnson,2019-20,76
Jared Dudley,2019-20,72
Jared Harper,2019-20,67
Jaren Jackson Jr.,2019-20,83
Jarred Vanderbilt,2019-20,70
Jarrell Brantley,2019-20,67
Jarrett Allen,2019-20,81
Jarrett Culver,2019-20,74
Jarrod Uthoff,2019-20,67
Javonte Green,2019-20,72
Jaxson Hayes,2019-20,76
Jaylen Brown,2019-20,84
Jaylen Hoard,2019-20,69
Jaylen Nowell,2019-20,71
Jayson Tatum,2019-20,87
Jeff Green,2019-20,76
Jeff Teague,2019-20,78
Jerami Grant,2019-20,77
Jeremiah Martin,2019-20,67
Jeremy Lamb,2019-20,77
Jeremy Pargo,2019-20,69
Jerian Grant,2019-20,72
Jerome Robinson,2019-20,73
Jevon Carter,2019-20,73
Jimmy Butler,2019-20,89
Joakim Noah,2019-20,72
Joe Chealey,2019-20,68
Joe Harris,2019-20,77
Joe Ingles,2019-20,78
Joel Embiid,2019-20,91
John Collins,2019-20,85
John Henson,2019-20,75
John Konchar,2019-20,72
Johnathan Motley,2019-20,71
Johnathan Williams,2019-20,70
Jonah Bolden,2019-20,73
Jonas Valanciunas,2019-20,81
Jonathan Isaac,2019-20,82
Jordan Bell,2019-20,74
Jordan Bone,2019-20,68
Jordan Clarkson,2019-20,78
Jordan McLaughlin,2019-20,74
Jordan McRae,2019-20,74
Jordan Poole,2019-20,72
Josh Gray,2019-20,67
Josh Hart,2019-20,75
Josh Jackson,2019-20,73
Josh Magette,2019-20,68
Josh Okogie,2019-20,74
Josh Reaves,2019-20,67
Josh Richardson,2019-20,80
Jrue Holiday,2019-20,83
Julius Randle,2019-20,80
Justin Anderson,2019-20,71
Justin Holiday,2019-20,75
Justin Jackson,2019-20,72
Justin James,2019-20,71
Justin Patton,2019-20,69
Justin Robinson,2019-20,67
Justin Wright-Foreman,2019-20,67
Justise Winslow,2019-20,77
Jusuf Nurkic,2019-20,84
Juwan Morgan,2019-20,70
KZ Okpala,2019-20,71
Kadeem Allen,2019-20,72
Karl-Anthony Towns,2019-20,90
Kawhi Leonard,2019-20,96
Keita Bates-Diop,2019-20,71
Kelan Martin,2019-20,69
Keldon Johnson,2019-20,76
Kelly Olynyk,2019-20,76
Kelly Oubre Jr.,2019-20,81
Kemba Walker,2019-20,86
Kendrick Nunn,2019-20,76
Kenrich Williams,2019-20,71
Kent Bazemore,2019-20,74
Kentavious Caldwell-Pope,2019-20,75
Kevin Hervey,2019-20,68
Kevin Huerter,2019-20,75
Kevin Knox II,2019-20,72
Kevin Love,2019-20,82
Kevin Porter Jr.,2019-20,75
Kevon Looney,2019-20,74
Khem Birch,2019-20,72
Khris Middleton,2019-20,86
Khyri Thomas,2019-20,68
Kostas Antetokounmpo,2019-20,69
Kris Dunn,2019-20,76
Kristaps Porzingis,2019-20,87
Ky Bowman,2019-20,71
Kyle Alexander,2019-20,68
Kyle Anderson,2019-20,75
Kyle Guy,2019-20,69
Kyle Korver,2019-20,73
Kyle Kuzma,2019-20,76
Kyle Lowry,2019-20,87
Kyle O'Quinn,2019-20,74
Kyrie Irving,2019-20,90
LaMarcus Aldridge,2019-20,84
Landry Shamet,2019-20,74
Langston Galloway,2019-20,75
Larry Nance Jr.,2019-20,79
Lauri Markkanen,2019-20,80
LeBron James,2019-20,97
Lonnie Walker IV,2019-20,73
Lonzo Ball,2019-20,77
Louis King,2019-20,68
Luc Mbah a Moute,2019-20,72
Luguentz Dort,2019-20,74
Luka Doncic,2019-20,94
Luka Samanic,2019-20,72
Luke Kennard,2019-20,78
Luke Kornet,2019-20,73
Malcolm Brogdon,2019-20,83
Malcolm Miller,2019-20,69
Malik Beasley,2019-20,77
Malik Monk,2019-20,75
Malik Newman,2019-20,68
Marc Gasol,2019-20,77
Marco Belinelli,2019-20,71
Marcus Morris Sr.,2019-20,78
Marcus Smart,2019-20,80
Marial Shayok,2019-20,67
Mario Hezonja,2019-20,73
Markelle Fultz,2019-20,77
Markieff Morris,2019-20,75
Marko Guduric,2019-20,69
Marques Bolden,2019-20,68
Marquese Chriss,2019-20,76
Marvin Bagley III,2019-20,81
Marvin Williams,2019-20,74
Mason Plumlee,2019-20,77
Matisse Thybulle,2019-20,75
Matt Mooney,2019-20,68
Matt Thomas,2019-20,74
Matthew Dellavedova,2019-20,70
Max Strus,2019-20,68
Maxi Kleber,2019-20,76
Melvin Frazier Jr.,2019-20,70
Meyers Leonard,2019-20,75
Mfiondu Kabengele,2019-20,72
Michael Carter-Williams,2019-20,76
Michael Frazier,2019-20,68
Michael Kidd-Gilchrist,2019-20,72
Michael Porter Jr.,2019-20,81
Mikal Bridges,2019-20,77
Mike Conley,2019-20,79
Mike Muscala,2019-20,73
Mike Scott,2019-20,72
Miles Bridges,2019-20,77
Mitchell Robinson,2019-20,81
Miye Oni,2019-20,68
Mo Bamba,2019-20,76
Monte Morris,2019-20,77
Montrezl Harrell,2019-20,82
Moritz Wagner,2019-20,76
Moses Brown,2019-20,67
Mychal Mulder,2019-20,68
Myles Turner,2019-20,79
Nassir Little,2019-20,72
Naz Mitrou-Long,2019-20,68
Naz Reid,2019-20,72
Nemanja Bjelica,2019-20,78
Nerlens Noel,2019-20,76
Nickeil Alexander-Walker,2019-20,71
Nicolas Batum,2019-20,73
Nicolas Claxton,2019-20,73
Nicolo Melli,2019-20,75
Nikola Jokic,2019-20,90
Nikola Vucevic,2019-20,86
Noah Vonleh,2019-20,74
Norman Powell,2019-20,77
Norvel Pelle,2019-20,71
OG Anunoby,2019-20,79
Omari Spellman,2019-20,74
Oshae Brissett,2019-20,67
Otto Porter Jr.,2019-20,78
PJ Dozier,2019-20,72
Pascal Siakam,2019-20,88
Pat Connaughton,2019-20,73
Patrick Beverley,2019-20,78
Patrick McCaw,2019-20,73
Patrick Patterson,2019-20,74
Paul George,2019-20,90
Paul Millsap,2019-20,79
Paul Watson,2019-20,67
Quinn Cook,2019-20,73
Quinndary Weatherspoon,2019-20,68
RJ Barrett,2019-20,75
Rajon Rondo,2019-20,76
Raul Neto,2019-20,73
Rayjon Tucker,2019-20,69
Reggie Bullock,2019-20,72
Reggie Jackson,2019-20,76
Richaun Holmes,2019-20,78
Ricky Rubio,2019-20,79
Robert Covington,2019-20,79
Robert Williams III,2019-20,74
Robin Lopez,2019-20,73
Rodions Kurucs,2019-20,71
Rodney Hood,2019-20,76
Rodney McGruder,2019-20,71
Romeo Langford,2019-20,70
Rondae Hollis-Jefferson,2019-20,76
Royce O'Neale,2019-20,74
Rudy Gay,2019-20,79
Rudy Gobert,2019-20,87
Rui Hachimura,2019-20,79
Russell Westbrook,2019-20,88
Ryan Anderson,2019-20,70
Ryan Arcidiacono,2019-20,70
Ryan Broekhoff,2019-20,72
Sekou Doumbouya,2019-20,72
Semi Ojeleye,2019-20,71
Serge Ibaka,2019-20,80
Seth Curry,2019-20,78
Shabazz Napier,2019-20,76
Shai Gilgeous-Alexander,2019-20,84
Shake Milton,2019-20,75
Shamorie Ponds,2019-20,68
Shaquille Harrison,2019-20,73
Sindarius Thornwell,2019-20,71
Skal Labissiere,2019-20,74
Solomon Hill,2019-20,71
Spencer Dinwiddie,2019-20,83
Stanley Johnson,2019-20,71
Stanton Kidd,2019-20,68
Stephen Curry,2019-20,95
Sterling Brown,2019-20,71
Steven Adams,2019-20,82
TJ Leaf,2019-20,71
Tacko Fall,2019-20,70
Taj Gibson,2019-20,77
Talen Horton-Tucker,2019-20,72
Tariq Owens,2019-20,68
Taurean Prince,2019-20,73
Terance Mann,2019-20,71
Terence Davis,2019-20,76
Terrance Ferguson,2019-20,71
Terrence Ross,2019-20,78
Terry Rozier,2019-20,79
Thabo Sefolosha,2019-20,72
Thaddeus Young,2019-20,76
Thanasis Antetokounmpo,2019-20,70
Theo Pinson,2019-20,69
Thomas Bryant,2019-20,79
Thon Maker,2019-20,73
Tim Frazier,2019-20,72
Tim Hardaway Jr.,2019-20,78
Timothe Luwawu-Cabarrot,2019-20,74
Tobias Harris,2019-20,84
Tomas Satoransky,2019-20,76
Tony Bradley,2019-20,75
Tony Snell,2019-20,72
Torrey Craig,2019-20,74
Trae Young,2019-20,88
Tremont Waters,2019-20,69
Treveon Graham,2019-20,71
Trevor Ariza,2019-20,74
Trey Burke,2019-20,76
Trey Lyles,2019-20,75
Tristan Thompson,2019-20,79
Troy Brown Jr.,2019-20,78
Troy Daniels,2019-20,71
Ty Jerome,2019-20,71
Tyler Cook,2019-20,68
Tyler Herro,2019-20,78
Tyler Johnson,2019-20,72
Tyler Zeller,2019-20,72
Tyrone Wallace,2019-20,68
Tyson Chandler,2019-20,72
Tyus Jones,2019-20,76
Udonis Haslem,2019-20,70
Vic Law,2019-20,69
Victor Oladipo,2019-20,82
Vincent Poirier,2019-20,73
Vlatko Cancar,2019-20,70
Wayne Ellington,2019-20,72
Wendell Carter Jr.,2019-20,79
Wenyen Gabriel,2019-20,70
Wesley Matthews,2019-20,75
Will Barton,2019-20,79
William Howard,2019-20,68
Willie Cauley-Stein,2019-20,77
Willy Hernangomez,2019-20,75
Wilson Chandler,2019-20,70
Yogi Ferrell,2019-20,71
Yuta Watanabe,2019-20,68
Zach Collins,2019-20,75
Zach LaVine,2019-20,85
Zach Norvell Jr.,2019-20,68
Zhaire Smith,2019-20,70
Zion Williamson,2019-20,86
Zylan Cheatham,2019-20,67
Aaron Gordon,2018-19,81
Aaron Holiday,2018-19,73
Abdel Nader,2018-19,70
Al Horford,2018-19,85
Al-Farouq Aminu,2018-19,77
Alec Burks,2018-19,73
Alex Caruso,2018-19,73
Alex Len,2018-19,77
Alfonzo McKinnie,2018-19,72
Alize Johnson,2018-19,70
Allen Crabbe,2018-19,73
Allonzo Trier,2018-19,75
Amile Jefferson,2018-19,69
Andre Drummond,2018-19,86
Andre Iguodala,2018-19,78
Andrew Wiggins,2018-19,79
Anfernee Simons,2018-19,72
Ante Zizic,2018-19,73
Anthony Davis,2018-19,94
Anthony Tolliver,2018-19,72
Antonio Blakeney,2018-19,72
Aron Baynes,2018-19,75
Austin Rivers,2018-19,76
Avery Bradley,2018-19,76
Bam Adebayo,2018-19,79
Ben McLemore,2018-19,71
Ben Simmons,2018-19,87
Bismack Biyombo,2018-19,75
Blake Griffin,2018-19,88
Boban Marjanovic,2018-19,75
Bobby Portis,2018-19,78
Bogdan Bogdanovic,2018-19,78
Bojan Bogdanovic,2018-19,83
Brad Wanamaker,2018-19,73
Bradley Beal,2018-19,87
Brandon Goodwin,2018-19,68
Brandon Ingram,2018-19,81
Brandon Knight,2018-19,72
Brook Lopez,2018-19,79
Bruce Brown,2018-19,73
Bryn Forbes,2018-19,75
Buddy Hield,2018-19,84
CJ McCollum,2018-19,87
CJ Miles,2018-19,73
Caleb Swanigan,2018-19,70
Cameron Payne,2018-19,72
Caris LeVert,2018-19,78
Cedi Osman,2018-19,75
Chandler Hutchison,2018-19,72
Chandler Parsons,2018-19,74
Cheick Diallo,2018-19,74
Chimezie Metu,2018-19,71
Chris Boucher,2018-19,71
Chris Paul,2018-19,85
Christian Wood,2018-19,74
Clint Capela,2018-19,85
Cody Zeller,2018-19,77
Collin Sexton,2018-19,77
Cory Joseph,2018-19,74
Courtney Lee,2018-19,72
Cristiano Felicio,2018-19,72
D'Angelo Russell,2018-19,87
Damian Lillard,2018-19,92
Damyean Dotson,2018-19,75
Daniel Theis,2018-19,76
Danilo Gallinari,2018-19,83
Danny Green,2018-19,77
Danuel House Jr.,2018-19,73
Dario Saric,2018-19,77
Darius Miller,2018-19,72
David Nwaba,2018-19,73
Davis Bertans,2018-19,76
De'Aaron Fox,2018-19,86
De'Anthony Melton,2018-19,72
DeAndre Jordan,2018-19,81
DeAndre' Bembry,2018-19,73
DeMar DeRozan,2018-19,87
DeMarcus Cousins,2018-19,86
DeMarre Carroll,2018-19,77
Deandre Ayton,2018-19,82
Delon Wright,2018-19,76
Dennis Schroder,2018-19,78
Dennis Smith Jr.,2018-19,77
Deonte Burton,2018-19,70
Derrick Favors,2018-19,80
Derrick Jones Jr.,2018-19,74
Derrick Rose,2018-19,80
Derrick White,2018-19,78
Devin Booker,2018-19,86
Devonte' Graham,2018-19,69
Dewayne Dedmon,2018-19,76
Deyonta Davis,2018-19,71
Dillon Brooks,2018-19,74
Dion Waiters,2018-19,76
Domantas Sabonis,2018-19,81
Donovan Mitchell,2018-19,88
Donte DiVincenzo,2018-19,72
Dorian Finney-Smith,2018-19,73
Doug McDermott,2018-19,74
Draymond Green,2018-19,86
Duncan Robinson,2018-19,67
Dwayne Bacon,2018-19,73
Dwight Powell,2018-19,77
Dzanan Musa,2018-19,71
E'Twaun Moore,2018-19,74
Ed Davis,2018-19,77
Edmond Sumner,2018-19,71
Elfrid Payton,2018-19,76
Elie Okobo,2018-19,71
Emmanuel Mudiay,2018-19,76
Enes Kanter,2018-19,80
Eric Bledsoe,2018-19,85
Eric Gordon,2018-19,78
Ersan Ilyasova,2018-19,76
Evan Fournier,2018-19,78
Evan Turner,2018-19,73
Frank Jackson,2018-19,71
Frank Kaminsky,2018-19,76
Frank Mason,2018-19,71
Frank Ntilikina,2018-19,73
Fred VanVleet,2018-19,79
Furkan Korkmaz,2018-19,73
Garrett Temple,2018-19,73
Gary Clark,2018-19,69
Gary Harris,2018-19,79
Gary Trent Jr.,2018-19,71
George Hill,2018-19,75
Georges Niang,2018-19,72
Gerald Green,2018-19,76
Giannis Antetokounmpo,2018-19,96
Glenn Robinson III,2018-19,74
Goran Dragic,2018-19,79
Gordon Hayward,2018-19,80
Gorgui Dieng,2018-19,76
Grayson Allen,2018-19,72
Hamidou Diallo,2018-19,70
Harrison Barnes,2018-19,79
Harry Giles III,2018-19,74
Hassan Whiteside,2018-19,81
Henry Ellenson,2018-19,69
Ian Mahinmi,2018-19,73
Isaac Bonga,2018-19,68
Isaiah Hartenstein,2018-19,68
Isaiah Thomas,2018-19,76
Ivan Rabb,2018-19,74
Ivica Zubac,2018-19,77
JJ Redick,2018-19,80
JR Smith,2018-19,72
JaKarr Sampson,2018-19,71
JaMychal Green,2018-19,78
JaVale McGee,2018-19,79
Jabari Parker,2018-19,78
Jacob Evans,2018-19,71
Jae Crowder,2018-19,76
Jahlil Okafor,2018-19,76
Jake Layman,2018-19,75
Jakob Poeltl,2018-19,77
Jalen Brunson,2018-19,76
Jamal Murray,2018-19,84
James Ennis III,2018-19,73
James Harden,2018-19,96
James Johnson,2018-19,75
Jared Dudley,2018-19,72
Jaren Jackson Jr.,2018-19,82
Jarred Vanderbilt,2018-19,70
Jarrett Allen,2018-19,79
Jaylen Brown,2018-19,79
Jayson Tatum,2018-19,85
Jeff Green,2018-19,76
Jeff Teague,2018-19,78
Jemerrio Jones,2018-19,70
Jerami Grant,2018-19,77
Jeremy Lamb,2018-19,79
Jerome Robinson,2018-19,71
Jevon Carter,2018-19,71
Jimmy Butler,2018-19,88
Joakim Noah,2018-19,74
Joe Harris,2018-19,78
Joe Ingles,2018-19,79
Joel Embiid,2018-19,91
John Collins,2018-19,84
John Henson,2018-19,75
John Wall,2018-19,86
Johnathan Motley,2018-19,70
Jonah Bolden,2018-19,73
Jonas Valanciunas,2018-19,81
Jonathan Isaac,2018-19,76
Jonathon Simmons,2018-19,73
Jordan Bell,2018-19,74
Jordan Clarkson,2018-19,78
Jordan McRae,2018-19,68
Josh Hart,2018-19,75
Josh Jackson,2018-19,76
Josh Okogie,2018-19,73
Josh Richardson,2018-19,80
Jrue Holiday,2018-19,86
Julius Randle,2018-19,83
Justin Holiday,2018-19,72
Justin Jackson,2018-19,74
Justise Winslow,2018-19,78
Jusuf Nurkic,2018-19,83
Karl-Anthony Towns,2018-19,89
Kawhi Leonard,2018-19,97
Keita Bates-Diop,2018-19,70
Kelly Olynyk,2018-19,78
Kelly Oubre Jr.,2018-19,78
Kemba Walker,2018-19,88
Kenrich Williams,2018-19,72
Kent Bazemore,2018-19,75
Kentavious Caldwell-Pope,2018-19,76
Kevin Durant,2018-19,96
Kevin Huerter,2018-19,76
Kevin Knox II,2018-19,76
Kevin Love,2018-19,83
Kevon Looney,2018-19,77
Khem Birch,2018-19,74
Khris Middleton,2018-19,85
Khyri Thomas,2018-19,69
Klay Thompson,2018-19,89
Kostas Antetokounmpo,2018-19,68
Kris Dunn,2018-19,75
Kyle Anderson,2018-19,74
Kyle Korver,2018-19,75
Kyle Kuzma,2018-19,84
Kyle Lowry,2018-19,85
Kyle O'Quinn,2018-19,74
Kyrie Irving,2018-19,91
LaMarcus Aldridge,2018-19,87
Landry Shamet,2018-19,76
Langston Galloway,2018-19,72
Larry Nance Jr.,2018-19,78
Lauri Markkanen,2018-19,83
LeBron James,2018-19,97
Lonnie Walker IV,2018-19,73
Lonzo Ball,2018-19,79
Luka Doncic,2018-19,87
Luke Kennard,2018-19,75
Luke Kornet,2018-19,71
Malcolm Brogdon,2018-19,83
Malcolm Miller,2018-19,69
Malik Beasley,2018-19,77
Malik Monk,2018-19,75
Marc Gasol,2018-19,82
Marco Belinelli,2018-19,75
Marcus Morris Sr.,2018-19,78
Marcus Smart,2018-19,82
Mario Hezonja,2018-19,75
Markelle Fultz,2018-19,74
Markieff Morris,2018-19,75
Marvin Bagley III,2018-19,83
Marvin Williams,2018-19,76
Mason Plumlee,2018-19,77
Matthew Dellavedova,2018-19,73
Maxi Kleber,2018-19,74
Melvin Frazier Jr.,2018-19,70
Meyers Leonard,2018-19,76
Michael Beasley,2018-19,76
Michael Carter-Williams,2018-19,72
Michael Kidd-Gilchrist,2018-19,76
Mikal Bridges,2018-19,75
Mike Conley,2018-19,87
Mike Muscala,2018-19,73
Mike Scott,2018-19,75
Miles Bridges,2018-19,76
Miles Plumlee,2018-19,70
Mitchell Robinson,2018-19,79
Mo Bamba,2018-19,77
Monte Morris,2018-19,77
Montrezl Harrell,2018-19,83
Moritz Wagner,2018-19,71
Myles Turner,2018-19,82
Nemanja Bjelica,2018-19,77
Nerlens Noel,2018-19,77
Nicolas Batum,2018-19,77
Nikola Jokic,2018-19,90
Nikola Vucevic,2018-19,86
Noah Vonleh,2018-19,75
Norman Powell,2018-19,74
OG Anunoby,2018-19,73
Omari Spellman,2018-19,73
Otto Porter Jr.,2018-19,80
Pascal Siakam,2018-19,87
Pat Connaughton,2018-19,74
Patrick Beverley,2018-19,79
Patrick McCaw,2018-19,72
Pau Gasol,2018-19,75
Paul George,2018-19,93
Paul Millsap,2018-19,82
Quinn Cook,2018-19,74
Rajon Rondo,2018-19,76
Raul Neto,2018-19,72
Reggie Bullock,2018-19,74
Reggie Jackson,2018-19,80
Richaun Holmes,2018-19,75
Ricky Rubio,2018-19,78
Robert Covington,2018-19,80
Robert Williams III,2018-19,74
Robin Lopez,2018-19,75
Rodions Kurucs,2018-19,75
Rodney Hood,2018-19,76
Rodney McGruder,2018-19,72
Rondae Hollis-Jefferson,2018-19,75
Royce O'Neale,2018-19,73
Rudy Gay,2018-19,81
Rudy Gobert,2018-19,88
Russell Westbrook,2018-19,90
Ryan Arcidiacono,2018-19,72
Ryan Broekhoff,2018-19,72
Semi Ojeleye,2018-19,73
Serge Ibaka,2018-19,81
Seth Curry,2018-19,74
Shabazz Napier,2018-19,75
Shai Gilgeous-Alexander,2018-19,79
Shake Milton,2018-19,71
Shaquille Harrison,2018-19,73
Skal Labissiere,2018-19,70
Solomon Hill,2018-19,70
Spencer Dinwiddie,2018-19,82
Stanley Johnson,2018-19,73
Stephen Curry,2018-19,95
Sterling Brown,2018-19,73
Steven Adams,2018-19,82
TJ Leaf,2018-19,74
Taj Gibson,2018-19,77
Taurean Prince,2018-19,77
Terrance Ferguson,2018-19,71
Terrence Ross,2018-19,79
Terry Rozier,2018-19,78
Thaddeus Young,2018-19,79
Theo Pinson,2018-19,69
Thomas Bryant,2018-19,78
Thon Maker,2018-19,72
Tim Frazier,2018-19,72
Tim Hardaway Jr.,2018-19,77
Tobias Harris,2018-19,85
Tomas Satoransky,2018-19,75
Tony Bradley,2018-19,70
Tony Snell,2018-19,73
Torrey Craig,2018-19,74
Trae Young,2018-19,85
Treveon Graham,2018-19,71
Trevor Ariza,2018-19,76
Trey Lyles,2018-19,75
Tristan Thompson,2018-19,79
Troy Brown Jr.,2018-19,73
Troy Daniels,2018-19,72
Tyler Johnson,2018-19,74
Tyler Lydon,2018-19,70
Tyrone Wallace,2018-19,69
Tyson Chandler,2018-19,73
Tyus Jones,2018-19,73
Victor Oladipo,2018-19,87
Wayne Ellington,2018-19,75
Wendell Carter Jr.,2018-19,78
Wesley Matthews,2018-19,76
Will Barton,2018-19,78
Willie Cauley-Stein,2018-19,79
Willy Hernangomez,2018-19,76
Wilson Chandler,2018-19,75
Yante Maten,2018-19,70
Yogi Ferrell,2018-19,74
Zach Collins,2018-19,74
Zach LaVine,2018-19,85
Zhaire Smith,2018-19,72
Aaron Gordon,2017-18,82
Aaron Jackson,2017-18,78
Abdel Nader,2017-18,68
Al Horford,2017-18,86
Al Jefferson,2017-18,76
Al-Farouq Aminu,2017-18,76
Alan Williams,2017-18,75
Alec Burks,2017-18,75
Alex Abrines,2017-18,72
Alex Caruso,2017-18,68
Alex Len,2017-18,77
Alex Poythress,2017-18,69
Allen Crabbe,2017-18,76
Amir Johnson,2017-18,75
Andre Drummond,2017-18,87
Andre Iguodala,2017-18,77
Andre Roberson,2017-18,76
Andrew Bogut,2017-18,74
Andrew Harrison,2017-18,74
Andrew Wiggins,2017-18,81
Ante Zizic,2017-18,73
Anthony Davis,2017-18,94
Anthony Tolliver,2017-18,74
Antonio Blakeney,2017-18,69
Antonius Cleveland,2017-18,66
Aron Baynes,2017-18,75
Austin Rivers,2017-18,78
Avery Bradley,2017-18,77
Bam Adebayo,2017-18,78
Ben McLemore,2017-18,73
Ben Simmons,2017-18,87
Bismack Biyombo,2017-18,74
Blake Griffin,2017-18,86
Boban Marjanovic,2017-18,75
Bobby Portis,2017-18,79
Bogdan Bogdanovic,2017-18,77
Bojan Bogdanovic,2017-18,79
Bradley Beal,2017-18,87
Brandon Ingram,2017-18,82
Briante Weber,2017-18,70
Brook Lopez,2017-18,79
Bruno Caboclo,2017-18,66
Bryn Forbes,2017-18,72
Buddy Hield,2017-18,79
CJ McCollum,2017-18,87
CJ Miles,2017-18,75
Caleb Swanigan,2017-18,70
Cameron Payne,2017-18,71
Caris LeVert,2017-18,76
Carmelo Anthony,2017-18,79
Cedi Osman,2017-18,75
Chandler Parsons,2017-18,75
Channing Frye,2017-18,74
Cheick Diallo,2017-18,72
Chinanu Onuaku,2017-18,69
Chris Boucher,2017-18,66
Chris Paul,2017-18,90
Clint Capela,2017-18,84
Cody Zeller,2017-18,77
Cole Aldrich,2017-18,72
Corey Brewer,2017-18,73
Cory Joseph,2017-18,74
Courtney Lee,2017-18,76
Cristiano Felicio,2017-18,71
D'Angelo Russell,2017-18,83
Damian Jones,2017-18,69
Damian Lillard,2017-18,90
Damion Lee,2017-18,67
Damyean Dotson,2017-18,69
Daniel Hamilton,2017-18,66
Daniel Theis,2017-18,74
Danilo Gallinari,2017-18,77
Danny Green,2017-18,75
Dante Cunningham,2017-18,71
Dante Exum,2017-18,74
Danuel House Jr.,2017-18,69
Dario Saric,2017-18,79
Darius Miller,2017-18,73
Darrell Arthur,2017-18,70
Darren Collison,2017-18,79
David Nwaba,2017-18,73
Davis Bertans,2017-18,75
Davon Reed,2017-18,68
De'Aaron Fox,2017-18,78
DeAndre Jordan,2017-18,86
DeAndre' Bembry,2017-18,70
DeMar DeRozan,2017-18,89
DeMarcus Cousins,2017-18,90
DeMarre Carroll,2017-18,77
Dejounte Murray,2017-18,78
Delon Wright,2017-18,77
Demetrius Jackson,2017-18,68
Dennis Schroder,2017-18,81
Dennis Smith Jr.,2017-18,78
Denzel Valentine,2017-18,74
Derrick Favors,2017-18,79
Derrick Jones Jr.,2017-18,71
Derrick Rose,2017-18,75
Derrick White,2017-18,69
Devin Booker,2017-18,87
Devin Harris,2017-18,72
Devin Robinson,2017-18,67
Dewayne Dedmon,2017-18,77
Deyonta Davis,2017-18,73
Dillon Brooks,2017-18,75
Dion Waiters,2017-18,76
Dirk Nowitzki,2017-18,78
Domantas Sabonis,2017-18,79
Donovan Mitchell,2017-18,87
Dorian Finney-Smith,2017-18,72
Doug McDermott,2017-18,73
Dragan Bender,2017-18,73
Draymond Green,2017-18,87
Dwayne Bacon,2017-18,71
Dwight Howard,2017-18,81
Dwight Powell,2017-18,76
Dwyane Wade,2017-18,79
E'Twaun Moore,2017-18,75
Ed Davis,2017-18,76
Edmond Sumner,2017-18,67
Ekpe Udoh,2017-18,75
Elfrid Payton,2017-18,77
Emeka Okafor,2017-18,73
Emmanuel Mudiay,2017-18,74
Enes Kanter,2017-18,79
Eric Bledsoe,2017-18,81
Eric Gordon,2017-18,81
Eric Moreland,2017-18,72
Ersan Ilyasova,2017-18,77
Evan Fournier,2017-18,79
Evan Turner,2017-18,73
Frank Kaminsky,2017-18,76
Frank Mason,2017-18,71
Frank Ntilikina,2017-18,74
Fred VanVleet,2017-18,77
Furkan Korkmaz,2017-18,71
Garrett Temple,2017-18,74
Gary Harris,2017-18,83
Gary Payton II,2017-18,68
George Hill,2017-18,76
Georges Niang,2017-18,69
Gerald Green,2017-18,77
Giannis Antetokounmpo,2017-18,94
Glenn Robinson III,2017-18,75
Goran Dragic,2017-18,84
Gordon Hayward,2017-18,88
Gorgui Dieng,2017-18,75
Greg Monroe,2017-18,76
Guerschon Yabusele,2017-18,69
Harrison Barnes,2017-18,82
Hassan Whiteside,2017-18,85
Henry Ellenson,2017-18,69
Ian Clark,2017-18,72
Ian Mahinmi,2017-18,74
Ike Anigbogu,2017-18,68
Iman Shumpert,2017-18,73
Isaiah Canaan,2017-18,72
Isaiah Hicks,2017-18,65
Isaiah Thomas,2017-18,80
Isaiah Whitehead,2017-18,71
Ivan Rabb,2017-18,72
Ivica Zubac,2017-18,73
J.R. Smith,2017-18,75
JJ Redick,2017-18,79
JR Smith,2017-18,72
JaKarr Sampson,2017-18,69
JaMychal Green,2017-18,75
JaVale McGee,2017-18,77
Jabari Bird,2017-18,66
Jabari Parker,2017-18,81
Jae Crowder,2017-18,76
Jahlil Okafor,2017-18,73
Jake Layman,2017-18,70
Jakob Poeltl,2017-18,75
Jalen Jones,2017-18,68
Jamal Crawford,2017-18,77
Jamal Murray,2017-18,81
James Ennis III,2017-18,75
James Harden,2017-18,96
James Johnson,2017-18,77
James Young,2017-18,70
Jared Dudley,2017-18,72
Jarell Martin,2017-18,73
Jarrett Allen,2017-18,78
Jarrett Jack,2017-18,72
Jason Smith,2017-18,69
Jawun Evans,2017-18,69
Jaylen Brown,2017-18,84
Jaylen Morris,2017-18,66
Jayson Tatum,2017-18,87
Jeff Green,2017-18,76
Jeff Teague,2017-18,79
Jerami Grant,2017-18,75
Jeremy Lamb,2017-18,78
Jeremy Lin,2017-18,78
Jerian Grant,2017-18,74
Jerryd Bayless,2017-18,69
Jimmy Butler,2017-18,89
Joakim Noah,2017-18,73
Jodie Meeks,2017-18,72
Joe Harris,2017-18,75
Joe Ingles,2017-18,79
Joel Embiid,2017-18,90
John Collins,2017-18,79
John Henson,2017-18,77
John Holland,2017-18,66
John Wall,2017-18,89
Johnathan Motley,2017-18,72
Jon Leuer,2017-18,74
Jonas Jerebko,2017-18,75
Jonas Valanciunas,2017-18,82
Jonathan Gibson,2017-18,72
Jonathan Isaac,2017-18,76
Jonathon Simmons,2017-18,77
Jordan Bell,2017-18,77
Jordan Clarkson,2017-18,76
Jose Calderon,2017-18,73
Josh Hart,2017-18,76
Josh Huestis,2017-18,68
Josh Jackson,2017-18,77
Josh Richardson,2017-18,78
Jrue Holiday,2017-18,85
Julius Randle,2017-18,80
Justin Anderson,2017-18,72
Justin Holiday,2017-18,74
Justin Jackson,2017-18,73
Justin Patton,2017-18,70
Justise Winslow,2017-18,76
Jusuf Nurkic,2017-18,79
Karl-Anthony Towns,2017-18,91
Kawhi Leonard,2017-18,94
Kay Felder,2017-18,69
Kelly Olynyk,2017-18,77
Kelly Oubre Jr.,2017-18,76
Kemba Walker,2017-18,86
Kenneth Faried,2017-18,76
Kent Bazemore,2017-18,77
Kentavious Caldwell-Pope,2017-18,76
Kevin Durant,2017-18,97
Kevin Love,2017-18,86
Kevon Looney,2017-18,71
Khem Birch,2017-18,71
Khris Middleton,2017-18,84
Klay Thompson,2017-18,89
Kosta Koufos,2017-18,76
Kris Dunn,2017-18,78
Kristaps Porzingis,2017-18,88
Kyle Anderson,2017-18,77
Kyle Korver,2017-18,75
Kyle Kuzma,2017-18,80
Kyle Lowry,2017-18,85
Kyle O'Quinn,2017-18,76
Kyrie Irving,2017-18,93
LaMarcus Aldridge,2017-18,88
Lance Stephenson,2017-18,76
Lance Thomas,2017-18,69
Langston Galloway,2017-18,74
Larry Nance Jr.,2017-18,77
Lauri Markkanen,2017-18,82
LeBron James,2017-18,98
Lonzo Ball,2017-18,79
Lorenzo Brown,2017-18,69
Luc Mbah a Moute,2017-18,75
Luke Kennard,2017-18,72
Luke Kornet,2017-18,65
Luol Deng,2017-18,72
Malachi Richardson,2017-18,69
Malcolm Brogdon,2017-18,79
Malik Beasley,2017-18,72
Malik Monk,2017-18,74
Manu Ginobili,2017-18,77
MarShon Brooks,2017-18,73
Marc Gasol,2017-18,85
Marcin Gortat,2017-18,77
Marco Belinelli,2017-18,76
Marcus Georges-Hunt,2017-18,65
Marcus Morris Sr.,2017-18,77
Marcus Smart,2017-18,78
Mario Hezonja,2017-18,76
Markelle Fultz,2017-18,76
Markieff Morris,2017-18,77
Marquese Chriss,2017-18,74
Marvin Williams,2017-18,76
Mason Plumlee,2017-18,76
Matthew Dellavedova,2017-18,73
Maxi Kleber,2017-18,73
Meyers Leonard,2017-18,71
Michael Beasley,2017-18,76
Michael Carter-Williams,2017-18,69
Michael Kidd-Gilchrist,2017-18,75
Mike Conley,2017-18,83
Mike Muscala,2017-18,74
Mike Scott,2017-18,76
Miles Plumlee,2017-18,70
Milos Teodosic,2017-18,74
Monte Morris,2017-18,70
Montrezl Harrell,2017-18,76
Myles Turner,2017-18,80
Naz Mitrou-Long,2017-18,65
Nemanja Bjelica,2017-18,75
Nerlens Noel,2017-18,77
Nick Young,2017-18,74
Nicolas Batum,2017-18,77
Nik Stauskas,2017-18,71
Nikola Jokic,2017-18,89
Nikola Mirotic,2017-18,79
Nikola Vucevic,2017-18,81
Noah Vonleh,2017-18,71
Norman Powell,2017-18,74
OG Anunoby,2017-18,76
Omari Johnson,2017-18,75
Omer Asik,2017-18,68
Omri Casspi,2017-18,75
Otto Porter Jr.,2017-18,81
PJ Dozier,2017-18,66
Pascal Siakam,2017-18,77
Pat Connaughton,2017-18,72
Patrick Beverley,2017-18,78
Patrick McCaw,2017-18,72
Patrick Patterson,2017-18,74
Pau Gasol,2017-18,79
Paul George,2017-18,89
Paul Millsap,2017-18,82
Quincy Acy,2017-18,71
Quincy Pondexter,2017-18,72
Quinn Cook,2017-18,74
RJ Hunter,2017-18,65
Rajon Rondo,2017-18,79
Raul Neto,2017-18,72
Raymond Felton,2017-18,75
Reggie Bullock,2017-18,76
Reggie Hearn,2017-18,65
Reggie Jackson,2017-18,79
Richaun Holmes,2017-18,75
Ricky Rubio,2017-18,79
Robert Covington,2017-18,79
Robin Lopez,2017-18,77
Rodney Hood,2017-18,75
Rodney McGruder,2017-18,74
Ron Baker,2017-18,73
Rondae Hollis-Jefferson,2017-18,78
Royce O'Neale,2017-18,74
Rudy Gay,2017-18,78
Rudy Gobert,2017-18,87
Russell Westbrook,2017-18,93
Ryan Anderson,2017-18,75
Salah Mejri,2017-18,76
Sam Dekker,2017-18,71
Semi Ojeleye,2017-18,68
Serge Ibaka,2017-18,79
Shabazz Muhammad,2017-18,73
Shabazz Napier,2017-18,76
Shaquille Harrison,2017-18,69
Shaun Livingston,2017-18,75
Shelvin Mack,2017-18,73
Sindarius Thornwell,2017-18,72
Skal Labissiere,2017-18,75
Solomon Hill,2017-18,73
Spencer Dinwiddie,2017-18,79
Stanley Johnson,2017-18,74
Stephen Curry,2017-18,95
Sterling Brown,2017-18,70
Steven Adams,2017-18,84
TJ Leaf,2017-18,72
Taj Gibson,2017-18,76
Taurean Prince,2017-18,79
Terrance Ferguson,2017-18,69
Terrence Ross,2017-18,74
Terry Rozier,2017-18,79
Thabo Sefolosha,2017-18,76
Thaddeus Young,2017-18,78
Thomas Bryant,2017-18,68
Thon Maker,2017-18,72
Tim Frazier,2017-18,72
Tim Hardaway Jr.,2017-18,78
Timofey Mozgov,2017-18,74
Timothe Luwawu-Cabarrot,2017-18,70
Tobias Harris,2017-18,82
Tomas Satoransky,2017-18,76
Tony Bradley,2017-18,70
Tony Parker,2017-18,76
Tony Snell,2017-18,73
Torrey Craig,2017-18,70
Travis Wear,2017-18,66
Treveon Graham,2017-18,69
Trevor Ariza,2017-18,78
Trey Burke,2017-18,75
Trey Lyles,2017-18,76
Tristan Thompson,2017-18,76
Troy Daniels,2017-18,75
Troy Williams,2017-18,71
Tyler Cavanaugh,2017-18,72
Tyler Dorsey,2017-18,70
Tyler Johnson,2017-18,76
Tyler Lydon,2017-18,69
Tyler Ulis,2017-18,74
Tyler Zeller,2017-18,76
Tyreke Evans,2017-18,80
Tyson Chandler,2017-18,75
Tyus Jones,2017-18,74
Udonis Haslem,2017-18,70
Victor Oladipo,2017-18,88
Vince Carter,2017-18,74
Wade Baldwin IV,2017-18,68
Wayne Ellington,2017-18,76
Wayne Selden,2017-18,74
Wesley Johnson,2017-18,70
Wesley Matthews,2017-18,77
Will Barton,2017-18,79
Willie Cauley-Stein,2017-18,79
Willy Hernangomez,2017-18,76
Wilson Chandler,2017-18,77
Yogi Ferrell,2017-18,74
Zach Collins,2017-18,70
Zach LaVine,2017-18,80
Zach Randolph,2017-18,78
Zaza Pachulia,2017-18,76
Zhou Qi,2017-18,66
AJ Hammons,2016-17,68
Aaron Brooks,2016-17,73
Aaron Gordon,2016-17,78
Adreian Payne,2016-17,71
Al Horford,2016-17,83
Al Jefferson,2016-17,75
Al-Farouq Aminu,2016-17,73
Alan Williams,2016-17,75
Alec Burks,2016-17,74
Alex Abrines,2016-17,74
Alex Len,2016-17,73
Alexis Ajinca,2016-17,72
Allen Crabbe,2016-17,75
Amir Johnson,2016-17,75
Andre Drummond,2016-17,85
Andre Iguodala,2016-17,79
Andre Roberson,2016-17,76
Andrew Bogut,2016-17,73
Andrew Harrison,2016-17,72
Andrew Nicholson,2016-17,68
Andrew Wiggins,2016-17,86
Anthony Brown,2016-17,70
Anthony Davis,2016-17,94
Anthony Tolliver,2016-17,72
Archie Goodwin,2016-17,72
Aron Baynes,2016-17,73
Arron Afflalo,2016-17,73
Austin Rivers,2016-17,80
Avery Bradley,2016-17,83
Ben McLemore,2016-17,73
Beno Udrih,2016-17,72
Bismack Biyombo,2016-17,73
Blake Griffin,2016-17,87
Boban Marjanovic,2016-17,74
Bobby Portis,2016-17,76
Bojan Bogdanovic,2016-17,77
Bradley Beal,2016-17,87
Brandan Wright,2016-17,73
Brandon Ingram,2016-17,76
Brandon Jennings,2016-17,72
Brandon Knight,2016-17,74
Brandon Rush,2016-17,70
Brice Johnson,2016-17,70
Brook Lopez,2016-17,84
Bruno Caboclo,2016-17,67
Bryn Forbes,2016-17,71
Buddy Hield,2016-17,77
CJ McCollum,2016-17,86
CJ Miles,2016-17,76
Cameron Payne,2016-17,71
Caris LeVert,2016-17,75
Carmelo Anthony,2016-17,84
Chandler Parsons,2016-17,74
Channing Frye,2016-17,73
Chasson Randle,2016-17,69
Cheick Diallo,2016-17,70
Chinanu Onuaku,2016-17,69
Chris McCullough,2016-17,69
Chris Paul,2016-17,91
Clint Capela,2016-17,79
Cody Zeller,2016-17,77
Cole Aldrich,2016-17,72
Corey Brewer,2016-17,70
Cory Joseph,2016-17,75
Courtney Lee,2016-17,75
Cristiano Felicio,2016-17,73
D'Angelo Russell,2016-17,80
Damian Jones,2016-17,70
Damian Lillard,2016-17,89
Daniel Ochefu,2016-17,66
Danilo Gallinari,2016-17,81
Danny Green,2016-17,76
Dante Cunningham,2016-17,72
Dante Exum,2016-17,73
Danuel House Jr.,2016-17,69
Dario Saric,2016-17,78
Darrell Arthur,2016-17,73
Darren Collison,2016-17,78
Darrun Hilliard,2016-17,69
David Nwaba,2016-17,73
David West,2016-17,74
Davis Bertans,2016-17,72
DeAndre Jordan,2016-17,87
DeAndre' Bembry,2016-17,69
DeMar DeRozan,2016-17,89
DeMarcus Cousins,2016-17,92
DeMarre Carroll,2016-17,75
Dejounte Murray,2016-17,73
Delon Wright,2016-17,72
Demetrius Jackson,2016-17,68
Dennis Schroder,2016-17,79
Denzel Valentine,2016-17,73
Deron Williams,2016-17,74
Derrick Favors,2016-17,78
Derrick Rose,2016-17,78
Derrick Williams,2016-17,72
Devin Booker,2016-17,85
Devin Harris,2016-17,73
Dewayne Dedmon,2016-17,77
Deyonta Davis,2016-17,72
Diamond Stone,2016-17,70
Dion Waiters,2016-17,80
Dirk Nowitzki,2016-17,80
Domantas Sabonis,2016-17,73
Dorian Finney-Smith,2016-17,72
Doug McDermott,2016-17,73
Dragan Bender,2016-17,72
Draymond Green,2016-17,88
Dwight Howard,2016-17,81
Dwight Powell,2016-17,73
Dwyane Wade,2016-17,82
E'Twaun Moore,2016-17,74
Ed Davis,2016-17,72
Elfrid Payton,2016-17,77
Emmanuel Mudiay,2016-17,73
Enes Kanter,2016-17,80
Eric Bledsoe,2016-17,84
Eric Gordon,2016-17,80
Ersan Ilyasova,2016-17,75
Evan Fournier,2016-17,78
Evan Turner,2016-17,74
Frank Kaminsky,2016-17,76
Fred VanVleet,2016-17,69
Garrett Temple,2016-17,74
Gary Harris,2016-17,81
Gary Payton II,2016-17,69
George Hill,2016-17,82
Georges Niang,2016-17,66
Georgios Papagiannis,2016-17,72
Gerald Green,2016-17,72
Giannis Antetokounmpo,2016-17,91
Glenn Robinson III,2016-17,74
Goran Dragic,2016-17,85
Gordon Hayward,2016-17,88
Gorgui Dieng,2016-17,76
Greg Monroe,2016-17,80
Harrison Barnes,2016-17,81
Hassan Whiteside,2016-17,87
Henry Ellenson,2016-17,71
Ian Clark,2016-17,74
Ian Mahinmi,2016-17,74
Iman Shumpert,2016-17,73
Isaiah Canaan,2016-17,70
Isaiah Taylor,2016-17,68
Isaiah Thomas,2016-17,89
Isaiah Whitehead,2016-17,73
Ivica Zubac,2016-17,75
JJ Redick,2016-17,79
JR Smith,2016-17,75
JaMychal Green,2016-17,75
JaVale McGee,2016-17,76
Jabari Parker,2016-17,81
Jae Crowder,2016-17,80
Jahlil Okafor,2016-17,73
Jake Layman,2016-17,69
Jakob Poeltl,2016-17,72
Jamal Crawford,2016-17,77
Jamal Murray,2016-17,77
Jameer Nelson,2016-17,74
James Ennis III,2016-17,72
James Harden,2016-17,95
James Johnson,2016-17,79
James Jones,2016-17,72
James Michael McAdoo,2016-17,69
James Young,2016-17,70
Jared Dudley,2016-17,74
Jarell Eddie,2016-17,67
Jarell Martin,2016-17,72
Jarrett Jack,2016-17,73
Jason Smith,2016-17,73
Jason Terry,2016-17,69
Jaylen Brown,2016-17,76
Jeff Green,2016-17,73
Jeff Teague,2016-17,79
Jeff Withey,2016-17,73
Jerami Grant,2016-17,73
Jeremy Lamb,2016-17,75
Jeremy Lin,2016-17,78
Jerian Grant,2016-17,74
Jerryd Bayless,2016-17,73
Jimmy Butler,2016-17,90
Joakim Noah,2016-17,74
Jodie Meeks,2016-17,72
Joe Harris,2016-17,72
Joe Ingles,2016-17,78
Joe Johnson,2016-17,76
Joel Bolomboy,2016-17,69
Joel Embiid,2016-17,86
Joffrey Lauvergne,2016-17,73
John Henson,2016-17,74
John Wall,2016-17,90
Jon Leuer,2016-17,75
Jonas Jerebko,2016-17,74
Jonas Valanciunas,2016-17,81
Jonathon Simmons,2016-17,75
Jordan Clarkson,2016-17,77
Jordan Mickey,2016-17,71
Jose Calderon,2016-17,71
Josh Huestis,2016-17,69
Josh McRoberts,2016-17,69
Josh Richardson,2016-17,74
Jrue Holiday,2016-17,80
Julius Randle,2016-17,78
Justin Anderson,2016-17,73
Justin Hamilton,2016-17,72
Justin Holiday,2016-17,74
Justise Winslow,2016-17,76
Jusuf Nurkic,2016-17,79
KJ McDaniels,2016-17,69
Karl-Anthony Towns,2016-17,90
Kawhi Leonard,2016-17,95
Kay Felder,2016-17,69
Kelly Olynyk,2016-17,75
Kelly Oubre Jr.,2016-17,74
Kemba Walker,2016-17,86
Kenneth Faried,2016-17,78
Kent Bazemore,2016-17,74
Kentavious Caldwell-Pope,2016-17,79
Kevin Durant,2016-17,96
Kevin Love,2016-17,87
Kevon Looney,2016-17,70
Khris Middleton,2016-17,81
Klay Thompson,2016-17,90
Kosta Koufos,2016-17,73
Kris Dunn,2016-17,72
Kris Humphries,2016-17,73
Kristaps Porzingis,2016-17,86
Kyle Anderson,2016-17,73
Kyle Korver,2016-17,74
Kyle Lowry,2016-17,87
Kyle O'Quinn,2016-17,68
Kyle Singler,2016-17,67
Kyrie Irving,2016-17,90
LaMarcus Aldridge,2016-17,85
Lance Stephenson,2016-17,75
Lance Thomas,2016-17,71
Langston Galloway,2016-17,73
Larry Nance Jr.,2016-17,77
Lavoy Allen,2016-17,72
LeBron James,2016-17,97
Leandro Barbosa,2016-17,73
Luc Mbah a Moute,2016-17,76
Lucas Nogueira,2016-17,73
Luke Babbitt,2016-17,70
Luol Deng,2016-17,73
Malachi Richardson,2016-17,70
Malcolm Brogdon,2016-17,78
Malcolm Delaney,2016-17,74
Malik Beasley,2016-17,72
Manu Ginobili,2016-17,76
Marc Gasol,2016-17,89
Marcin Gortat,2016-17,78
Marco Belinelli,2016-17,74
Marcus Georges-Hunt,2016-17,67
Marcus Morris Sr.,2016-17,77
Marcus Smart,2016-17,79
Mario Hezonja,2016-17,73
Markieff Morris,2016-17,78
Marquese Chriss,2016-17,76
Marreese Speights,2016-17,74
Marshall Plumlee,2016-17,68
Marvin Williams,2016-17,77
Mason Plumlee,2016-17,77
Matthew Dellavedova,2016-17,74
Meyers Leonard,2016-17,70
Michael Beasley,2016-17,75
Michael Carter-Williams,2016-17,71
Michael Gbinije,2016-17,70
Michael Kidd-Gilchrist,2016-17,77
Mike Conley,2016-17,87
Mike Muscala,2016-17,74
Mike Scott,2016-17,72
Miles Plumlee,2016-17,70
Mindaugas Kuzminskas,2016-17,73
Mirza Teletovic,2016-17,73
Montrezl Harrell,2016-17,74
Myles Turner,2016-17,84
Nemanja Bjelica,2016-17,72
Nerlens Noel,2016-17,78
Nick Collison,2016-17,70
Nick Young,2016-17,74
Nicolas Batum,2016-17,79
Nicolas Brussino,2016-17,68
Nik Stauskas,2016-17,73
Nikola Jokic,2016-17,88
Nikola Mirotic,2016-17,76
Nikola Vucevic,2016-17,80
Noah Vonleh,2016-17,72
Norman Powell,2016-17,75
Okaro White,2016-17,69
Omer Asik,2016-17,71
Omri Casspi,2016-17,72
Otto Porter Jr.,2016-17,80
Pascal Siakam,2016-17,72
Pat Connaughton,2016-17,70
Patrick Beverley,2016-17,79
Patrick McCaw,2016-17,73
Patrick Patterson,2016-17,75
Pau Gasol,2016-17,81
Paul George,2016-17,91
Paul Millsap,2016-17,87
Paul Zipser,2016-17,71
Quincy Acy,2016-17,72
Quinn Cook,2016-17,69
RJ Hunter,2016-17,65
Rajon Rondo,2016-17,76
Ramon Sessions,2016-17,73
Rashad Vaughn,2016-17,70
Raul Neto,2016-17,72
Raymond Felton,2016-17,74
Reggie Bullock,2016-17,68
Reggie Jackson,2016-17,77
Richard Jefferson,2016-17,74
Richaun Holmes,2016-17,76
Ricky Rubio,2016-17,79
Robert Covington,2016-17,78
Robin Lopez,2016-17,76
Rodney Hood,2016-17,78
Rodney McGruder,2016-17,74
Ron Baker,2016-17,68
Rondae Hollis-Jefferson,2016-17,75
Ronnie Price,2016-17,69
Rudy Gay,2016-17,81
Rudy Gobert,2016-17,88
Russell Westbrook,2016-17,94
Ryan Anderson,2016-17,78
Salah Mejri,2016-17,74
Sam Dekker,2016-17,73
Sean Kilpatrick,2016-17,74
Semaj Christon,2016-17,70
Serge Ibaka,2016-17,80
Seth Curry,2016-17,77
Shabazz Muhammad,2016-17,75
Shabazz Napier,2016-17,71
Shaun Livingston,2016-17,75
Shelvin Mack,2016-17,73
Skal Labissiere,2016-17,76
Solomon Hill,2016-17,72
Spencer Dinwiddie,2016-17,73
Stanley Johnson,2016-17,73
Stephen Curry,2016-17,94
Stephen Zimmerman,2016-17,67
Steven Adams,2016-17,82
Taj Gibson,2016-17,76
Tarik Black,2016-17,73
Taurean Prince,2016-17,75
Terrence Ross,2016-17,75
Terry Rozier,2016-17,74
Thabo Sefolosha,2016-17,75
Thaddeus Young,2016-17,77
Thon Maker,2016-17,75
Tim Frazier,2016-17,73
Tim Hardaway Jr.,2016-17,80
Tim Quarterman,2016-17,67
Timofey Mozgov,2016-17,74
Timothe Luwawu-Cabarrot,2016-17,72
Tobias Harris,2016-17,78
Tomas Satoransky,2016-17,70
Tony Allen,2016-17,78
Tony Parker,2016-17,77
Tony Snell,2016-17,75
Treveon Graham,2016-17,76
Trevor Ariza,2016-17,78
Trevor Booker,2016-17,76
Trey Burke,2016-17,71
Trey Lyles,2016-17,74
Tristan Thompson,2016-17,78
Troy Daniels,2016-17,72
Ty Lawson,2016-17,75
Tyler Ennis,2016-17,72
Tyler Johnson,2016-17,77
Tyler Ulis,2016-17,75
Tyler Zeller,2016-17,73
Tyreke Evans,2016-17,77
Tyson Chandler,2016-17,76
Tyus Jones,2016-17,73
Udonis Haslem,2016-17,70
Victor Oladipo,2016-17,79
Vince Carter,2016-17,74
Wade Baldwin IV,2016-17,69
Wayne Ellington,2016-17,74
Wayne Selden,2016-17,70
Wesley Johnson,2016-17,71
Wesley Matthews,2016-17,77
Will Barton,2016-17,77
Willie Cauley-Stein,2016-17,76
Willie Reed,2016-17,74
Willy Hernangomez,2016-17,77
Wilson Chandler,2016-17,78
Yogi Ferrell,2016-17,74
Zach LaVine,2016-17,80
Zach Randolph,2016-17,80
Zaza Pachulia,2016-17,76
Aaron Brooks,2015-16,73
Aaron Gordon,2015-16,76
Aaron Harrison,2015-16,65
Adreian Payne,2015-16,69
Al Horford,2015-16,85
Al Jefferson,2015-16,79
Al-Farouq Aminu,2015-16,77
Alan Anderson,2015-16,69
Alan Williams,2015-16,70
Alec Burks,2015-16,77
Alex Len,2015-16,75
Alexis Ajinca,2015-16,73
Allen Crabbe,2015-16,75
Alonzo Gee,2015-16,70
Amir Johnson,2015-16,76
Anderson Varejao,2015-16,73
Andre Drummond,2015-16,87
Andre Iguodala,2015-16,81
Andre Roberson,2015-16,74
Andrew Bogut,2015-16,77
Andrew Nicholson,2015-16,73
Andrew Wiggins,2015-16,82
Anthony Bennett,2015-16,70
Anthony Brown,2015-16,69
Anthony Davis,2015-16,90
Anthony Morrow,2015-16,73
Anthony Tolliver,2015-16,70
Archie Goodwin,2015-16,72
Aron Baynes,2015-16,75
Arron Afflalo,2015-16,76
Austin Rivers,2015-16,74
Avery Bradley,2015-16,82
Ben McLemore,2015-16,72
Beno Udrih,2015-16,72
Bismack Biyombo,2015-16,77
Blake Griffin,2015-16,87
Boban Marjanovic,2015-16,75
Bobby Portis,2015-16,74
Bojan Bogdanovic,2015-16,76
Boris Diaw,2015-16,74
Bradley Beal,2015-16,79
Brandan Wright,2015-16,76
Brandon Bass,2015-16,74
Brandon Jennings,2015-16,75
Brandon Knight,2015-16,78
Brandon Rush,2015-16,72
Brian Roberts,2015-16,72
Brook Lopez,2015-16,81
Bruno Caboclo,2015-16,66
CJ McCollum,2015-16,83
CJ Miles,2015-16,76
Cameron Payne,2015-16,73
Carmelo Anthony,2015-16,88
Chandler Parsons,2015-16,79
Channing Frye,2015-16,74
Chris Andersen,2015-16,73
Chris Bosh,2015-16,86
Chris McCullough,2015-16,69
Chris Paul,2015-16,91
Christian Wood,2015-16,68
Clint Capela,2015-16,77
Cody Zeller,2015-16,76
Cole Aldrich,2015-16,74
Corey Brewer,2015-16,73
Cory Joseph,2015-16,75
Courtney Lee,2015-16,76
Cristiano Felicio,2015-16,70
D'Angelo Russell,2015-16,79
Damian Lillard,2015-16,89
Damjan Rudez,2015-16,66
Danilo Gallinari,2015-16,80
Danny Green,2015-16,76
Dante Cunningham,2015-16,71
Darrell Arthur,2015-16,75
Darren Collison,2015-16,77
Darrun Hilliard,2015-16,68
David Lee,2015-16,74
David West,2015-16,75
DeAndre Jordan,2015-16,85
DeMar DeRozan,2015-16,87
DeMarcus Cousins,2015-16,90
DeMarre Carroll,2015-16,76
Delon Wright,2015-16,69
Dennis Schroder,2015-16,78
Deron Williams,2015-16,76
Derrick Favors,2015-16,85
Derrick Rose,2015-16,80
Derrick Williams,2015-16,73
Devin Booker,2015-16,78
Devin Harris,2015-16,73
Dewayne Dedmon,2015-16,74
Dion Waiters,2015-16,73
Dirk Nowitzki,2015-16,84
Donatas Motiejunas,2015-16,74
Doug McDermott,2015-16,74
Draymond Green,2015-16,90
Dwight Howard,2015-16,84
Dwight Powell,2015-16,74
Dwyane Wade,2015-16,87
E'Twaun Moore,2015-16,74
Ed Davis,2015-16,77
Elfrid Payton,2015-16,75
Elliot Williams,2015-16,66
Emmanuel Mudiay,2015-16,76
Enes Kanter,2015-16,79
Eric Bledsoe,2015-16,85
Eric Gordon,2015-16,77
Ersan Ilyasova,2015-16,75
Evan Fournier,2015-16,78
Evan Turner,2015-16,77
Festus Ezeli,2015-16,76
Frank Kaminsky,2015-16,74
Garrett Temple,2015-16,74
Gary Harris,2015-16,76
George Hill,2015-16,76
Gerald Green,2015-16,73
Gerald Henderson,2015-16,74
Giannis Antetokounmpo,2015-16,83
Glenn Robinson III,2015-16,70
Goran Dragic,2015-16,78
Gordon Hayward,2015-16,84
Gorgui Dieng,2015-16,77
Greg Monroe,2015-16,79
Greivis Vasquez,2015-16,71
Harrison Barnes,2015-16,79
Hassan Whiteside,2015-16,85
Hollis Thompson,2015-16,72
Ian Clark,2015-16,71
Ian Mahinmi,2015-16,76
Iman Shumpert,2015-16,74
Isaiah Canaan,2015-16,72
Isaiah Thomas,2015-16,85
JJ Redick,2015-16,78
JR Smith,2015-16,77
JaMychal Green,2015-16,73
JaVale McGee,2015-16,72
Jabari Parker,2015-16,78
Jae Crowder,2015-16,81
Jahlil Okafor,2015-16,79
Jamal Crawford,2015-16,77
Jameer Nelson,2015-16,72
James Ennis III,2015-16,71
James Harden,2015-16,90
James Johnson,2015-16,72
James Jones,2015-16,69
James Michael McAdoo,2015-16,68
James Young,2015-16,67
Jared Dudley,2015-16,76
Jared Sullinger,2015-16,77
Jarell Eddie,2015-16,66
Jarell Martin,2015-16,69
Jarrett Jack,2015-16,74
Jason Smith,2015-16,73
Jason Terry,2015-16,71
Jeff Green,2015-16,76
Jeff Teague,2015-16,79
Jeff Withey,2015-16,74
Jerami Grant,2015-16,73
Jeremy Evans,2015-16,70
Jeremy Lamb,2015-16,74
Jeremy Lin,2015-16,76
Jerian Grant,2015-16,72
Jerryd Bayless,2015-16,74
Jimmy Butler,2015-16,88
Joakim Noah,2015-16,77
Jodie Meeks,2015-16,74
Joe Harris,2015-16,68
Joe Ingles,2015-16,73
Joe Johnson,2015-16,77
Joffrey Lauvergne,2015-16,75
John Henson,2015-16,76
John Jenkins,2015-16,69
John Wall,2015-16,88
Jon Leuer,2015-16,75
Jonas Jerebko,2015-16,73
Jonas Valanciunas,2015-16,82
Jonathon Simmons,2015-16,70
Jordan Adams,2015-16,68
Jordan Clarkson,2015-16,77
Jordan Hill,2015-16,76
Jordan McRae,2015-16,70
Jordan Mickey,2015-16,71
Jose Calderon,2015-16,74
Josh Huestis,2015-16,69
Josh McRoberts,2015-16,71
Josh Richardson,2015-16,75
Jrue Holiday,2015-16,79
Julius Randle,2015-16,77
Justin Anderson,2015-16,72
Justin Holiday,2015-16,70
Justise Winslow,2015-16,77
Jusuf Nurkic,2015-16,75
KJ McDaniels,2015-16,68
Karl-Anthony Towns,2015-16,88
Kawhi Leonard,2015-16,93
Kelly Olynyk,2015-16,76
Kelly Oubre Jr.,2015-16,70
Kemba Walker,2015-16,85
Kenneth Faried,2015-16,80
Kent Bazemore,2015-16,78
Kentavious Caldwell-Pope,2015-16,79
Kevin Durant,2015-16,93
Kevin Garnett,2015-16,74
Kevin Love,2015-16,82
Kevon Looney,2015-16,70
Khris Middleton,2015-16,81
Klay Thompson,2015-16,90
Kosta Koufos,2015-16,74
Kris Humphries,2015-16,73
Kristaps Porzingis,2015-16,81
Kyle Anderson,2015-16,74
Kyle Korver,2015-16,76
Kyle Lowry,2015-16,86
Kyle O'Quinn,2015-16,76
Kyle Singler,2015-16,71
Kyrie Irving,2015-16,89
LaMarcus Aldridge,2015-16,88
Lance Stephenson,2015-16,86
Lance Thomas,2015-16,72
Langston Galloway,2015-16,71
Larry Nance Jr.,2015-16,75
Lavoy Allen,2015-16,72
LeBron James,2015-16,96
Leandro Barbosa,2015-16,73
Luc Mbah a Moute,2015-16,73
Lucas Nogueira,2015-16,69
Luis Scola,2015-16,74
Luke Babbitt,2015-16,69
Luol Deng,2015-16,78
Manu Ginobili,2015-16,79
Marc Gasol,2015-16,85
Marcelo Huertas,2015-16,72
Marcin Gortat,2015-16,79
Marco Belinelli,2015-16,72
Marcus Morris Sr.,2015-16,76
Marcus Smart,2015-16,76
Marcus Thornton,2015-16,73
Mario Hezonja,2015-16,74
Markieff Morris,2015-16,76
Marreese Speights,2015-16,75
Marvin Williams,2015-16,78
Mason Plumlee,2015-16,78
Matt Barnes,2015-16,74
Matthew Dellavedova,2015-16,75
Meyers Leonard,2015-16,72
Michael Beasley,2015-16,75
Michael Carter-Williams,2015-16,75
Michael Kidd-Gilchrist,2015-16,79
Mike Conley,2015-16,85
Mike Dunleavy,2015-16,73
Mike Miller,2015-16,70
Mike Muscala,2015-16,72
Mike Scott,2015-16,73
Miles Plumlee,2015-16,73
Mirza Teletovic,2015-16,76
Monta Ellis,2015-16,77
Montrezl Harrell,2015-16,70
Myles Turner,2015-16,78
Nemanja Bjelica,2015-16,72
Nerlens Noel,2015-16,77
Nick Collison,2015-16,72
Nick Young,2015-16,70
Nicolas Batum,2015-16,79
Nik Stauskas,2015-16,69
Nikola Jokic,2015-16,79
Nikola Mirotic,2015-16,76
Nikola Pekovic,2015-16,74
Nikola Vucevic,2015-16,80
Noah Vonleh,2015-16,70
Norman Powell,2015-16,74
Omer Asik,2015-16,75
Omri Casspi,2015-16,73
Otto Porter Jr.,2015-16,76
Pablo Prigioni,2015-16,71
Pat Connaughton,2015-16,69
Patrick Beverley,2015-16,76
Patrick Patterson,2015-16,76
Pau Gasol,2015-16,84
Paul George,2015-16,89
Paul Millsap,2015-16,86
Paul Pierce,2015-16,73
Quincy Acy,2015-16,72
RJ Hunter,2015-16,65
Rajon Rondo,2015-16,81
Rakeem Christmas,2015-16,66
Ramon Sessions,2015-16,74
Randy Foye,2015-16,71
Rashad Vaughn,2015-16,69
Raul Neto,2015-16,73
Ray McCallum,2015-16,71
Raymond Felton,2015-16,74
Reggie Bullock,2015-16,70
Reggie Jackson,2015-16,82
Richard Jefferson,2015-16,74
Richaun Holmes,2015-16,70
Ricky Rubio,2015-16,77
Robert Covington,2015-16,76
Robin Lopez,2015-16,77
Rodney Hood,2015-16,80
Rodney Stuckey,2015-16,74
Rondae Hollis-Jefferson,2015-16,72
Ronnie Price,2015-16,69
Roy Hibbert,2015-16,74
Rudy Gay,2015-16,80
Rudy Gobert,2015-16,81
Russell Westbrook,2015-16,93
Ryan Anderson,2015-16,79
Salah Mejri,2015-16,73
Sam Dekker,2015-16,70
Sasha Vujacic,2015-16,69
Sean Kilpatrick,2015-16,71
Serge Ibaka,2015-16,79
Seth Curry,2015-16,72
Shabazz Muhammad,2015-16,73
Shabazz Napier,2015-16,70
Shaun Livingston,2015-16,76
Shelvin Mack,2015-16,74
Solomon Hill,2015-16,74
Spencer Dinwiddie,2015-16,67
Spencer Hawes,2015-16,72
Stanley Johnson,2015-16,75
Stephen Curry,2015-16,94
Steve Novak,2015-16,72
Steven Adams,2015-16,81
Taj Gibson,2015-16,76
Tarik Black,2015-16,70
Terrence Jones,2015-16,74
Terrence Ross,2015-16,75
Terry Rozier,2015-16,71
Thabo Sefolosha,2015-16,75
Thaddeus Young,2015-16,79
Tiago Splitter,2015-16,75
Tim Frazier,2015-16,70
Tim Hardaway Jr.,2015-16,71
Timofey Mozgov,2015-16,75
Tobias Harris,2015-16,78
Tony Allen,2015-16,78
Tony Parker,2015-16,80
Tony Snell,2015-16,72
Trevor Ariza,2015-16,77
Trevor Booker,2015-16,73
Trey Burke,2015-16,73
Trey Lyles,2015-16,72
Tristan Thompson,2015-16,81
Troy Daniels,2015-16,70
Ty Lawson,2015-16,73
Tyler Ennis,2015-16,70
Tyler Johnson,2015-16,75
Tyler Zeller,2015-16,74
Tyreke Evans,2015-16,79
Tyson Chandler,2015-16,74
Tyus Jones,2015-16,71
Udonis Haslem,2015-16,70
Victor Oladipo,2015-16,79
Vince Carter,2015-16,74
Wayne Ellington,2015-16,72
Wesley Johnson,2015-16,73
Wesley Matthews,2015-16,78
Will Barton,2015-16,78
Willie Cauley-Stein,2015-16,72
Willie Reed,2015-16,70
Zach LaVine,2015-16,78
Zach Randolph,2015-16,80
Zaza Pachulia,2015-16,76
Aaron Brooks,2014-15,75
Aaron Gordon,2014-15,74
Adreian Payne,2014-15,69
Al Horford,2014-15,83
Al Jefferson,2014-15,83
Al-Farouq Aminu,2014-15,73
Alan Anderson,2014-15,69
Alec Burks,2014-15,76
Alex Len,2014-15,74
Alexis Ajinca,2014-15,74
Allen Crabbe,2014-15,67
Alonzo Gee,2014-15,70
Amir Johnson,2014-15,76
Anderson Varejao,2014-15,76
Andre Drummond,2014-15,83
Andre Iguodala,2014-15,77
Andre Miller,2014-15,73
Andre Roberson,2014-15,72
Andrea Bargnani,2014-15,74
Andrew Bogut,2014-15,77
Andrew Nicholson,2014-15,68
Andrew Wiggins,2014-15,80
Anthony Bennett,2014-15,69
Anthony Davis,2014-15,92
Anthony Morrow,2014-15,72
Anthony Tolliver,2014-15,70
Archie Goodwin,2014-15,69
Aron Baynes,2014-15,72
Arron Afflalo,2014-15,75
Austin Rivers,2014-15,73
Avery Bradley,2014-15,77
Ben McLemore,2014-15,73
Beno Udrih,2014-15,75
Bismack Biyombo,2014-15,72
Blake Griffin,2014-15,88
Bojan Bogdanovic,2014-15,71
Boris Diaw,2014-15,74
Bradley Beal,2014-15,80
Brandan Wright,2014-15,75
Brandon Bass,2014-15,74
Brandon Jennings,2014-15,80
Brandon Knight,2014-15,81
Brandon Rush,2014-15,65
Brian Roberts,2014-15,72
Brook Lopez,2014-15,83
Bruno Caboclo,2014-15,65
CJ McCollum,2014-15,72
CJ Miles,2014-15,73
Carl Landry,2014-15,74
Carmelo Anthony,2014-15,88
Caron Butler,2014-15,72
Chandler Parsons,2014-15,79
Channing Frye,2014-15,71
Charlie Villanueva,2014-15,72
Chase Budinger,2014-15,71
Chris Andersen,2014-15,73
Chris Bosh,2014-15,84
Chris Copeland,2014-15,67
Chris Kaman,2014-15,76
Chris Paul,2014-15,90
Chuck Hayes,2014-15,68
Cleanthony Early,2014-15,68
Clint Capela,2014-15,70
Cody Zeller,2014-15,74
Cole Aldrich,2014-15,72
Corey Brewer,2014-15,76
Cory Jefferson,2014-15,69
Cory Joseph,2014-15,74
Courtney Lee,2014-15,75
Damian Lillard,2014-15,86
Damjan Rudez,2014-15,68
Danilo Gallinari,2014-15,76
Danny Green,2014-15,76
Dante Cunningham,2014-15,69
Dante Exum,2014-15,73
Darrell Arthur,2014-15,71
Darren Collison,2014-15,79
David Lee,2014-15,76
David West,2014-15,77
DeAndre Jordan,2014-15,84
DeJuan Blair,2014-15,70
DeMar DeRozan,2014-15,83
DeMarcus Cousins,2014-15,87
DeMarre Carroll,2014-15,79
Dennis Schroder,2014-15,76
Deron Williams,2014-15,78
Derrick Favors,2014-15,82
Derrick Rose,2014-15,82
Derrick Williams,2014-15,72
Devin Harris,2014-15,74
Devyn Marble,2014-15,67
Dewayne Dedmon,2014-15,71
Dion Waiters,2014-15,73
Dirk Nowitzki,2014-15,84
Donald Sloan,2014-15,73
Donatas Motiejunas,2014-15,75
Doug McDermott,2014-15,68
Draymond Green,2014-15,82
Drew Gooden,2014-15,70
Dwight Howard,2014-15,85
Dwight Powell,2014-15,68
Dwyane Wade,2014-15,86
E'Twaun Moore,2014-15,70
Ed Davis,2014-15,76
Elfrid Payton,2014-15,76
Elliot Williams,2014-15,66
Enes Kanter,2014-15,80
Eric Bledsoe,2014-15,82
Eric Gordon,2014-15,78
Eric Moreland,2014-15,65
Erick Green,2014-15,65
Ersan Ilyasova,2014-15,74
Evan Fournier,2014-15,72
Evan Turner,2014-15,74
Festus Ezeli,2014-15,72
Furkan Aldemir,2014-15,69
Garrett Temple,2014-15,71
Gary Harris,2014-15,65
George Hill,2014-15,78
Gerald Green,2014-15,76
Gerald Henderson,2014-15,74
Giannis Antetokounmpo,2014-15,81
Glenn Robinson III,2014-15,67
Goran Dragic,2014-15,81
Gordon Hayward,2014-15,83
Gorgui Dieng,2014-15,74
Greg Monroe,2014-15,82
Greivis Vasquez,2014-15,73
Harrison Barnes,2014-15,77
Hassan Whiteside,2014-15,81
Henry Sims,2014-15,71
Hollis Thompson,2014-15,71
Ian Clark,2014-15,66
Ian Mahinmi,2014-15,73
Iman Shumpert,2014-15,75
Isaiah Canaan,2014-15,73
Isaiah Thomas,2014-15,81
Ish Smith,2014-15,75
JJ Hickson,2014-15,73
JJ Redick,2014-15,79
JR Smith,2014-15,76
JaKarr Sampson,2014-15,69
JaMychal Green,2014-15,67
JaVale McGee,2014-15,75
Jabari Parker,2014-15,77
Jae Crowder,2014-15,76
Jamal Crawford,2014-15,79
Jameer Nelson,2014-15,72
James Ennis III,2014-15,70
James Harden,2014-15,92
James Johnson,2014-15,75
James Jones,2014-15,69
James Michael McAdoo,2014-15,67
James Young,2014-15,68
Jared Dudley,2014-15,75
Jared Sullinger,2014-15,77
Jarnell Stokes,2014-15,72
Jarrett Jack,2014-15,74
Jason Smith,2014-15,72
Jason Terry,2014-15,71
Jason Thompson,2014-15,70
Jeff Green,2014-15,77
Jeff Teague,2014-15,83
Jeff Withey,2014-15,70
Jerami Grant,2014-15,69
Jeremy Evans,2014-15,70
Jeremy Lamb,2014-15,73
Jeremy Lin,2014-15,75
Jerryd Bayless,2014-15,72
Jimmer Fredette,2014-15,67
Jimmy Butler,2014-15,86
Joakim Noah,2014-15,79
Jodie Meeks,2014-15,74
Joe Harris,2014-15,67
Joe Ingles,2014-15,70
Joe Johnson,2014-15,79
Joel Anthony,2014-15,66
Joffrey Lauvergne,2014-15,69
John Henson,2014-15,74
John Jenkins,2014-15,67
John Wall,2014-15,87
Johnny O'Bryant III,2014-15,64
Jon Leuer,2014-15,72
Jonas Jerebko,2014-15,72
Jonas Valanciunas,2014-15,78
Jordan Adams,2014-15,70
Jordan Clarkson,2014-15,75
Jordan Hill,2014-15,75
Jose Calderon,2014-15,73
Josh McRoberts,2014-15,71
Josh Smith,2014-15,75
Jrue Holiday,2014-15,80
Julius Randle,2014-15,74
Justin Holiday,2014-15,72
Jusuf Nurkic,2014-15,74
KJ McDaniels,2014-15,70
Kawhi Leonard,2014-15,87
Kelly Olynyk,2014-15,74
Kemba Walker,2014-15,81
Kendall Marshall,2014-15,71
Kendrick Perkins,2014-15,72
Kenneth Faried,2014-15,79
Kent Bazemore,2014-15,72
Kentavious Caldwell-Pope,2014-15,73
Kevin Durant,2014-15,91
Kevin Garnett,2014-15,76
Kevin Love,2014-15,81
Kevin Martin,2014-15,79
Kevin Seraphin,2014-15,72
Khris Middleton,2014-15,78
Klay Thompson,2014-15,87
Kobe Bryant,2014-15,85
Kosta Koufos,2014-15,72
Kris Humphries,2014-15,72
Kyle Anderson,2014-15,71
Kyle Korver,2014-15,79
Kyle Lowry,2014-15,83
Kyle O'Quinn,2014-15,72
Kyle Singler,2014-15,71
Kyrie Irving,2014-15,87
LaMarcus Aldridge,2014-15,88
Lance Stephenson,2014-15,74
Lance Thomas,2014-15,70
Langston Galloway,2014-15,72
Lavoy Allen,2014-15,71
LeBron James,2014-15,94
Leandro Barbosa,2014-15,74
Luc Mbah a Moute,2014-15,69
Lucas Nogueira,2014-15,68
Luis Scola,2014-15,75
Luke Babbitt,2014-15,70
Luol Deng,2014-15,78
Manu Ginobili,2014-15,78
Marc Gasol,2014-15,87
Marcin Gortat,2014-15,78
Marco Belinelli,2014-15,73
Marcus Morris Sr.,2014-15,73
Marcus Smart,2014-15,74
Marcus Thornton,2014-15,72
Mario Chalmers,2014-15,72
Markieff Morris,2014-15,78
Marreese Speights,2014-15,76
Martell Webster,2014-15,67
Marvin Williams,2014-15,71
Mason Plumlee,2014-15,76
Matt Barnes,2014-15,73
Matt Bonner,2014-15,70
Matthew Dellavedova,2014-15,70
Meyers Leonard,2014-15,72
Michael Beasley,2014-15,67
Michael Carter-Williams,2014-15,77
Michael Kidd-Gilchrist,2014-15,78
Mike Conley,2014-15,85
Mike Dunleavy,2014-15,73
Mike Miller,2014-15,68
Mike Muscala,2014-15,72
Mike Scott,2014-15,72
Miles Plumlee,2014-15,71
Mirza Teletovic,2014-15,69
Mitch McGary,2014-15,73
Monta Ellis,2014-15,81
Nerlens Noel,2014-15,77
Nick Collison,2014-15,73
Nick Young,2014-15,73
Nicolas Batum,2014-15,77
Nik Stauskas,2014-15,69
Nikola Mirotic,2014-15,74
Nikola Pekovic,2014-15,77
Nikola Vucevic,2014-15,83
Noah Vonleh,2014-15,72
Omer Asik,2014-15,76
Omri Casspi,2014-15,73
Otto Porter Jr.,2014-15,72
PJ Hairston,2014-15,69
Pablo Prigioni,2014-15,71
Patrick Beverley,2014-15,76
Patrick Patterson,2014-15,74
Pau Gasol,2014-15,86
Paul George,2014-15,86
Paul Millsap,2014-15,83
Paul Pierce,2014-15,78
Perry Jones III,2014-15,69
Phil Pressey,2014-15,68
Quincy Acy,2014-15,69
Quincy Miller,2014-15,66
Quincy Pondexter,2014-15,72
Rajon Rondo,2014-15,77
Ramon Sessions,2014-15,72
Randy Foye,2014-15,72
Ray McCallum,2014-15,71
Raymond Felton,2014-15,71
Reggie Bullock,2014-15,67
Reggie Jackson,2014-15,78
Richard Jefferson,2014-15,72
Ricky Rubio,2014-15,77
Robert Covington,2014-15,73
Robert Sacre,2014-15,69
Robin Lopez,2014-15,75
Rodney Hood,2014-15,71
Rodney Stuckey,2014-15,76
Ronnie Price,2014-15,69
Roy Hibbert,2014-15,77
Rudy Gay,2014-15,83
Rudy Gobert,2014-15,79
Russ Smith,2014-15,67
Russell Westbrook,2014-15,89
Ryan Anderson,2014-15,76
Ryan Hollins,2014-15,71
Ryan Kelly,2014-15,66
Sean Kilpatrick,2014-15,62
Serge Ibaka,2014-15,80
Sergey Karasev,2014-15,70
Seth Curry,2014-15,67
Shabazz Muhammad,2014-15,75
Shabazz Napier,2014-15,71
Shaun Livingston,2014-15,73
Shayne Whittington,2014-15,67
Shelvin Mack,2014-15,72
Solomon Hill,2014-15,75
Spencer Dinwiddie,2014-15,70
Spencer Hawes,2014-15,71
Stephen Curry,2014-15,93
Steve Blake,2014-15,68
Steve Novak,2014-15,66
Steven Adams,2014-15,76
Taj Gibson,2014-15,76
Tarik Black,2014-15,69
Tayshaun Prince,2014-15,73
Terrence Jones,2014-15,75
Terrence Ross,2014-15,73
Thabo Sefolosha,2014-15,74
Thaddeus Young,2014-15,75
Thomas Robinson,2014-15,73
Tiago Splitter,2014-15,76
Tim Duncan,2014-15,87
Tim Frazier,2014-15,69
Tim Hardaway Jr.,2014-15,73
Timofey Mozgov,2014-15,77
Tobias Harris,2014-15,79
Tony Allen,2014-15,78
Tony Parker,2014-15,83
Tony Snell,2014-15,72
Tony Wroten,2014-15,75
Trevor Ariza,2014-15,75
Trevor Booker,2014-15,74
Trey Burke,2014-15,73
Tristan Thompson,2014-15,77
Troy Daniels,2014-15,67
Ty Lawson,2014-15,81
Tyler Ennis,2014-15,67
Tyler Hansbrough,2014-15,73
Tyler Johnson,2014-15,73
Tyler Zeller,2014-15,76
Tyreke Evans,2014-15,80
Tyson Chandler,2014-15,79
Udonis Haslem,2014-15,71
Victor Oladipo,2014-15,80
Vince Carter,2014-15,73
Wayne Ellington,2014-15,70
Wesley Johnson,2014-15,72
Wesley Matthews,2014-15,79
Will Barton,2014-15,73
Wilson Chandler,2014-15,77
Zach LaVine,2014-15,73
Zach Randolph,2014-15,84
Zaza Pachulia,2014-15,73
